itemCollection_HM_testequipment_pack,,,
Weapon_AMS,Weapon,1,1
Weapon_AMS_1,Weapon,1,1
Weapon_AMS_2,Weapon,1,1
Weapon_Autocannon_AC10_0-STOCK,Weapon,1,1
Weapon_Autocannon_AC10_1-Defiance,Weapon,1,1
Weapon_Autocannon_AC10_1-Federated,Weapon,1,1
Weapon_Autocannon_AC10_1-Imperator,Weapon,1,1
Weapon_Autocannon_AC10_1-Kali_Yama,Weapon,1,1
Weapon_Autocannon_AC10_1-Mydron,Weapon,1,1
Weapon_Autocannon_AC10_1-ZeusBolt,Weapon,1,1
Weapon_Autocannon_AC10_2-Defiance,Weapon,1,1
Weapon_Autocannon_AC10_2-Federated,Weapon,1,1
Weapon_Autocannon_AC10_2-Imperator,Weapon,1,1
Weapon_Autocannon_AC10_2-Kali_Yama,Weapon,1,1
Weapon_Autocannon_AC10_2-Mydron,Weapon,1,1
Weapon_Autocannon_AC10_2-ZeusBolt,Weapon,1,1
Weapon_Autocannon_AC10_3-Defiance,Weapon,1,1
Weapon_Autocannon_AC10_3-Federated,Weapon,1,1
Weapon_Autocannon_AC10_3-Imperator,Weapon,1,1
Weapon_Autocannon_AC10_3-Kali_Yama,Weapon,1,1
Weapon_Autocannon_AC10_3-Mydron,Weapon,1,1
Weapon_Autocannon_AC10_3-ZeusBolt,Weapon,1,1
Weapon_Autocannon_AC20_0-KGC,Weapon,1,1
Weapon_Autocannon_AC20_0-STOCK,Weapon,1,1
Weapon_Autocannon_AC20_1-Defiance,Weapon,1,1
Weapon_Autocannon_AC20_1-Federated,Weapon,1,1
Weapon_Autocannon_AC20_1-GM,Weapon,1,1
Weapon_Autocannon_AC20_1-Imperator,Weapon,1,1
Weapon_Autocannon_AC20_1-Kali_Yama,Weapon,1,1
Weapon_Autocannon_AC20_1-Mydron,Weapon,1,1
Weapon_Autocannon_AC20_1-ZeusBolt,Weapon,1,1
Weapon_Autocannon_AC20_2-Defiance,Weapon,1,1
Weapon_Autocannon_AC20_2-Federated,Weapon,1,1
Weapon_Autocannon_AC20_2-Imperator,Weapon,1,1
Weapon_Autocannon_AC20_2-Kali_Yama,Weapon,1,1
Weapon_Autocannon_AC20_2-Mydron,Weapon,1,1
Weapon_Autocannon_AC20_2-ZeusBolt,Weapon,1,1
Weapon_Autocannon_AC20_3-Defiance,Weapon,1,1
Weapon_Autocannon_AC20_3-Federated,Weapon,1,1
Weapon_Autocannon_AC20_3-Imperator,Weapon,1,1
Weapon_Autocannon_AC20_3-Kali_Yama,Weapon,1,1
Weapon_Autocannon_AC20_3-Mydron,Weapon,1,1
Weapon_Autocannon_AC20_3-ZeusBolt,Weapon,1,1
Weapon_Autocannon_AC2_0-STOCK,Weapon,1,1
Weapon_Autocannon_AC2_1-Defiance,Weapon,1,1
Weapon_Autocannon_AC2_1-Federated,Weapon,1,1
Weapon_Autocannon_AC2_1-Imperator,Weapon,1,1
Weapon_Autocannon_AC2_1-Kali_Yama,Weapon,1,1
Weapon_Autocannon_AC2_1-Mydron,Weapon,1,1
Weapon_Autocannon_AC2_1-ZeusBolt,Weapon,1,1
Weapon_Autocannon_AC2_2-Defiance,Weapon,1,1
Weapon_Autocannon_AC2_2-Federated,Weapon,1,1
Weapon_Autocannon_AC2_2-Imperator,Weapon,1,1
Weapon_Autocannon_AC2_2-Kali_Yama,Weapon,1,1
Weapon_Autocannon_AC2_2-Mydron,Weapon,1,1
Weapon_Autocannon_AC2_2-ZeusBolt,Weapon,1,1
Weapon_Autocannon_AC2_3-Defiance,Weapon,1,1
Weapon_Autocannon_AC2_3-Federated,Weapon,1,1
Weapon_Autocannon_AC2_3-Imperator,Weapon,1,1
Weapon_Autocannon_AC2_3-Kali_Yama,Weapon,1,1
Weapon_Autocannon_AC2_3-Mydron,Weapon,1,1
Weapon_Autocannon_AC2_3-ZeusBolt,Weapon,1,1
Weapon_Autocannon_AC5_0-STOCK,Weapon,1,1
Weapon_Autocannon_AC5_1-Defiance,Weapon,1,1
Weapon_Autocannon_AC5_1-Federated,Weapon,1,1
Weapon_Autocannon_AC5_1-Imperator,Weapon,1,1
Weapon_Autocannon_AC5_1-Kali_Yama,Weapon,1,1
Weapon_Autocannon_AC5_1-Mydron,Weapon,1,1
Weapon_Autocannon_AC5_1-ZeusBolt,Weapon,1,1
Weapon_Autocannon_AC5_2-Defiance,Weapon,1,1
Weapon_Autocannon_AC5_2-Federated,Weapon,1,1
Weapon_Autocannon_AC5_2-Imperator,Weapon,1,1
Weapon_Autocannon_AC5_2-Kali_Yama,Weapon,1,1
Weapon_Autocannon_AC5_2-Mydron,Weapon,1,1
Weapon_Autocannon_AC5_2-ZeusBolt,Weapon,1,1
Weapon_Autocannon_AC5_3-Defiance,Weapon,1,1
Weapon_Autocannon_AC5_3-Federated,Weapon,1,1
Weapon_Autocannon_AC5_3-Imperator,Weapon,1,1
Weapon_Autocannon_AC5_3-Kali_Yama,Weapon,1,1
Weapon_Autocannon_AC5_3-Mydron,Weapon,1,1
Weapon_Autocannon_AC5_3-ZeusBolt,Weapon,1,1
Weapon_Autocannon_LB10X_0-STOCK,Weapon,1,1
Weapon_Autocannon_LB10X_1-Western,Weapon,1,1
Weapon_Autocannon_LB10X_2-Western,Weapon,1,1
Weapon_Autocannon_LB20X_0-STOCK,Weapon,1,1
Weapon_Autocannon_LB20X_1-Shengli_Arms,Weapon,1,1
Weapon_Autocannon_LB20X_2-Imperator,Weapon,1,1
Weapon_Autocannon_LB20X_2-Shengli_Arms,Weapon,1,1
Weapon_Autocannon_LB2X_0-STOCK,Weapon,1,1
Weapon_Autocannon_LB2X_1-Defiance,Weapon,1,1
Weapon_Autocannon_LB2X_2-Defiance,Weapon,1,1
Weapon_Autocannon_LB5X_0-STOCK,Weapon,1,1
Weapon_Autocannon_LB5X_1-GM,Weapon,1,1
Weapon_Autocannon_LB5X_2-GM,Weapon,1,1
Weapon_Autocannon_UAC10_0-STOCK,Weapon,1,1
Weapon_Autocannon_UAC10_1-Federated,Weapon,1,1
Weapon_Autocannon_UAC10_2-Federated,Weapon,1,1
Weapon_Autocannon_UAC20_0-STOCK,Weapon,1,1
Weapon_Autocannon_UAC20_1-Kali_Yama,Weapon,1,1
Weapon_Autocannon_UAC20_2-Kali_Yama,Weapon,1,1
Weapon_Autocannon_UAC2_0-STOCK,Weapon,1,1
Weapon_Autocannon_UAC2_1-Imperator,Weapon,1,1
Weapon_Autocannon_UAC2_2-Imperator,Weapon,1,1
Weapon_Autocannon_UAC5_0-STOCK,Weapon,1,1
Weapon_Autocannon_UAC5_1-Mydron,Weapon,1,1
Weapon_Autocannon_UAC5_2-Mydron,Weapon,1,1
Weapon_COIL_COIL-L_0-STOCK,Weapon,1,1
Weapon_COIL_COIL-M_0-STOCK,Weapon,1,1
Weapon_COIL_COIL-S_0-STOCK,Weapon,1,1
Weapon_Flamer_Flamer_0-STOCK,Weapon,1,1
Weapon_Flamer_Flamer_1-Hotshot,Weapon,1,1
Weapon_Flamer_Flamer_2-Olympus,Weapon,1,1
Weapon_Gauss_Gauss_0-STOCK,Weapon,1,1
Weapon_Gauss_Gauss_1-M7,Weapon,1,1
Weapon_Gauss_Gauss_2-M9,Weapon,1,1
Weapon_Laser_BinaryLaserCannon_0-STOCK,Weapon,1,1
Weapon_Laser_BinaryLaserCannon_1-ExoStar,Weapon,1,1
Weapon_Laser_BinaryLaserCannon_2-Magna,Weapon,1,1
Weapon_Laser_BinaryLaserCannon_3-Omicron,Weapon,1,1
Weapon_Laser_LargeLaserER_0-STOCK,Weapon,1,1
Weapon_Laser_LargeLaserER_1-Blankenburg25,Weapon,1,1
Weapon_Laser_LargeLaserER_2-BlazeFire,Weapon,1,1
Weapon_Laser_LargeLaserPulse_0-STOCK,Weapon,1,1
Weapon_Laser_LargeLaserPulse_1-Thunderbolt12,Weapon,1,1
Weapon_Laser_LargeLaserPulse_2-ExoStar,Weapon,1,1
Weapon_Laser_LargeLaser_0-STOCK,Weapon,1,1
Weapon_Laser_LargeLaser_1-Diverse_Optics,Weapon,1,1
Weapon_Laser_LargeLaser_1-ExoStar,Weapon,1,1
Weapon_Laser_LargeLaser_1-Intek,Weapon,1,1
Weapon_Laser_LargeLaser_1-Magna,Weapon,1,1
Weapon_Laser_LargeLaser_1-Omicron,Weapon,1,1
Weapon_Laser_LargeLaser_1-Starflash,Weapon,1,1
Weapon_Laser_LargeLaser_2-Diverse_Optics,Weapon,1,1
Weapon_Laser_LargeLaser_2-ExoStar,Weapon,1,1
Weapon_Laser_LargeLaser_2-Intek,Weapon,1,1
Weapon_Laser_LargeLaser_2-Magna,Weapon,1,1
Weapon_Laser_LargeLaser_2-Omicron,Weapon,1,1
Weapon_Laser_LargeLaser_2-Starflash,Weapon,1,1
Weapon_Laser_LargeLaser_3-Diverse_Optics,Weapon,1,1
Weapon_Laser_LargeLaser_3-ExoStar,Weapon,1,1
Weapon_Laser_LargeLaser_3-Intek,Weapon,1,1
Weapon_Laser_LargeLaser_3-Magna,Weapon,1,1
Weapon_Laser_LargeLaser_3-Omicron,Weapon,1,1
Weapon_Laser_LargeLaser_3-Starflash,Weapon,1,1
Weapon_Laser_MediumLaserER_0-STOCK,Weapon,1,1
Weapon_Laser_MediumLaserER_1-MagnaVI,Weapon,1,1
Weapon_Laser_MediumLaserER_2-BrightBloom,Weapon,1,1
Weapon_Laser_MediumLaserPulse_0-STOCK,Weapon,1,1
Weapon_Laser_MediumLaserPulse_1-RakerIV,Weapon,1,1
Weapon_Laser_MediumLaserPulse_2-Magna400P,Weapon,1,1
Weapon_Laser_MediumLaser_0-STOCK,Weapon,1,1
Weapon_Laser_MediumLaser_1-Diverse_Optics,Weapon,1,1
Weapon_Laser_MediumLaser_1-ExoStar,Weapon,1,1
Weapon_Laser_MediumLaser_1-Intek,Weapon,1,1
Weapon_Laser_MediumLaser_1-Magna,Weapon,1,1
Weapon_Laser_MediumLaser_1-Omicron,Weapon,1,1
Weapon_Laser_MediumLaser_1-Starflash,Weapon,1,1
Weapon_Laser_MediumLaser_2-Diverse_Optics,Weapon,1,1
Weapon_Laser_MediumLaser_2-ExoStar,Weapon,1,1
Weapon_Laser_MediumLaser_2-Intek,Weapon,1,1
Weapon_Laser_MediumLaser_2-Magna,Weapon,1,1
Weapon_Laser_MediumLaser_2-Omicron,Weapon,1,1
Weapon_Laser_MediumLaser_2-Starflash,Weapon,1,1
Weapon_Laser_MediumLaser_3-Diverse_Optics,Weapon,1,1
Weapon_Laser_MediumLaser_3-ExoStar,Weapon,1,1
Weapon_Laser_MediumLaser_3-Intek,Weapon,1,1
Weapon_Laser_MediumLaser_3-Magna,Weapon,1,1
Weapon_Laser_MediumLaser_3-Omicron,Weapon,1,1
Weapon_Laser_MediumLaser_3-Starflash,Weapon,1,1
Weapon_Laser_SmallLaserER_0-STOCK,Weapon,1,1
Weapon_Laser_SmallLaserER_1-Diverse_Optics,Weapon,1,1
Weapon_Laser_SmallLaserER_2-BlazeFire,Weapon,1,1
Weapon_Laser_SmallLaserPulse_0-STOCK,Weapon,1,1
Weapon_Laser_SmallLaserPulse_1-Maxell,Weapon,1,1
Weapon_Laser_SmallLaserPulse_2-Magna200P,Weapon,1,1
Weapon_Laser_SmallLaser_0-STOCK,Weapon,1,1
Weapon_Laser_SmallLaser_1-Diverse_Optics,Weapon,1,1
Weapon_Laser_SmallLaser_1-ExoStar,Weapon,1,1
Weapon_Laser_SmallLaser_1-Intek,Weapon,1,1
Weapon_Laser_SmallLaser_1-Magna,Weapon,1,1
Weapon_Laser_SmallLaser_1-Omicron,Weapon,1,1
Weapon_Laser_SmallLaser_1-Starflash,Weapon,1,1
Weapon_Laser_SmallLaser_2-Diverse_Optics,Weapon,1,1
Weapon_Laser_SmallLaser_2-ExoStar,Weapon,1,1
Weapon_Laser_SmallLaser_2-Intek,Weapon,1,1
Weapon_Laser_SmallLaser_2-Magna,Weapon,1,1
Weapon_Laser_SmallLaser_2-Omicron,Weapon,1,1
Weapon_Laser_SmallLaser_2-Starflash,Weapon,1,1
Weapon_Laser_SmallLaser_3-Diverse_Optics,Weapon,1,1
Weapon_Laser_SmallLaser_3-ExoStar,Weapon,1,1
Weapon_Laser_SmallLaser_3-Intek,Weapon,1,1
Weapon_Laser_SmallLaser_3-Magna,Weapon,1,1
Weapon_Laser_SmallLaser_3-Omicron,Weapon,1,1
Weapon_Laser_SmallLaser_3-Starflash,Weapon,1,1
Weapon_Laser_TwinSmallLaser_0-STOCK,Weapon,1,1
Weapon_Laser_TwinSmallLaser_1-ExoStar,Weapon,1,1
Weapon_Laser_TwinSmallLaser_2-Magna,Weapon,1,1
Weapon_Laser_TwinSmallLaser_3-Omicron,Weapon,1,1
Weapon_LRM_LRM10_0-STOCK,Weapon,1,1
Weapon_LRM_LRM10_1-Concordat,Weapon,1,1
Weapon_LRM_LRM10_1-Coventry,Weapon,1,1
Weapon_LRM_LRM10_1-Delta,Weapon,1,1
Weapon_LRM_LRM10_1-Drago,Weapon,1,1
Weapon_LRM_LRM10_1-Telos,Weapon,1,1
Weapon_LRM_LRM10_1-Zeus,Weapon,1,1
Weapon_LRM_LRM10_2-Concordat,Weapon,1,1
Weapon_LRM_LRM10_2-Coventry,Weapon,1,1
Weapon_LRM_LRM10_2-Delta,Weapon,1,1
Weapon_LRM_LRM10_2-Drago,Weapon,1,1
Weapon_LRM_LRM10_2-Telos,Weapon,1,1
Weapon_LRM_LRM10_2-Zeus,Weapon,1,1
Weapon_LRM_LRM10_3-Concordat,Weapon,1,1
Weapon_LRM_LRM10_3-Coventry,Weapon,1,1
Weapon_LRM_LRM10_3-Delta,Weapon,1,1
Weapon_LRM_LRM10_3-Drago,Weapon,1,1
Weapon_LRM_LRM10_3-Telos,Weapon,1,1
Weapon_LRM_LRM10_3-Zeus,Weapon,1,1
Weapon_LRM_LRM15_0-STOCK,Weapon,1,1
Weapon_LRM_LRM15_1-Concordat,Weapon,1,1
Weapon_LRM_LRM15_1-Coventry,Weapon,1,1
Weapon_LRM_LRM15_1-Delta,Weapon,1,1
Weapon_LRM_LRM15_1-Drago,Weapon,1,1
Weapon_LRM_LRM15_1-Telos,Weapon,1,1
Weapon_LRM_LRM15_1-Zeus,Weapon,1,1
Weapon_LRM_LRM15_2-Concordat,Weapon,1,1
Weapon_LRM_LRM15_2-Coventry,Weapon,1,1
Weapon_LRM_LRM15_2-Delta,Weapon,1,1
Weapon_LRM_LRM15_2-Drago,Weapon,1,1
Weapon_LRM_LRM15_2-Telos,Weapon,1,1
Weapon_LRM_LRM15_2-Zeus,Weapon,1,1
Weapon_LRM_LRM15_3-Concordat,Weapon,1,1
Weapon_LRM_LRM15_3-Coventry,Weapon,1,1
Weapon_LRM_LRM15_3-Delta,Weapon,1,1
Weapon_LRM_LRM15_3-Drago,Weapon,1,1
Weapon_LRM_LRM15_3-Telos,Weapon,1,1
Weapon_LRM_LRM15_3-Zeus,Weapon,1,1
Weapon_LRM_LRM20_0-STOCK,Weapon,1,1
Weapon_LRM_LRM20_1-Concordat,Weapon,1,1
Weapon_LRM_LRM20_1-Coventry,Weapon,1,1
Weapon_LRM_LRM20_1-Delta,Weapon,1,1
Weapon_LRM_LRM20_1-Drago,Weapon,1,1
Weapon_LRM_LRM20_1-Telos,Weapon,1,1
Weapon_LRM_LRM20_1-Zeus,Weapon,1,1
Weapon_LRM_LRM20_2-Concordat,Weapon,1,1
Weapon_LRM_LRM20_2-Coventry,Weapon,1,1
Weapon_LRM_LRM20_2-Delta,Weapon,1,1
Weapon_LRM_LRM20_2-Drago,Weapon,1,1
Weapon_LRM_LRM20_2-Telos,Weapon,1,1
Weapon_LRM_LRM20_2-Zeus,Weapon,1,1
Weapon_LRM_LRM20_3-Concordat,Weapon,1,1
Weapon_LRM_LRM20_3-Coventry,Weapon,1,1
Weapon_LRM_LRM20_3-Delta,Weapon,1,1
Weapon_LRM_LRM20_3-Drago,Weapon,1,1
Weapon_LRM_LRM20_3-Telos,Weapon,1,1
Weapon_LRM_LRM20_3-Zeus,Weapon,1,1
Weapon_LRM_LRM5_0-STOCK,Weapon,1,1
Weapon_LRM_LRM5_1-Concordat,Weapon,1,1
Weapon_LRM_LRM5_1-Coventry,Weapon,1,1
Weapon_LRM_LRM5_1-Delta,Weapon,1,1
Weapon_LRM_LRM5_1-Drago,Weapon,1,1
Weapon_LRM_LRM5_1-Telos,Weapon,1,1
Weapon_LRM_LRM5_1-Zeus,Weapon,1,1
Weapon_LRM_LRM5_2-Concordat,Weapon,1,1
Weapon_LRM_LRM5_2-Coventry,Weapon,1,1
Weapon_LRM_LRM5_2-Delta,Weapon,1,1
Weapon_LRM_LRM5_2-Drago,Weapon,1,1
Weapon_LRM_LRM5_2-Telos,Weapon,1,1
Weapon_LRM_LRM5_2-Zeus,Weapon,1,1
Weapon_LRM_LRM5_3-Concordat,Weapon,1,1
Weapon_LRM_LRM5_3-Coventry,Weapon,1,1
Weapon_LRM_LRM5_3-Delta,Weapon,1,1
Weapon_LRM_LRM5_3-Drago,Weapon,1,1
Weapon_LRM_LRM5_3-Telos,Weapon,1,1
Weapon_LRM_LRM5_3-Zeus,Weapon,1,1
Weapon_MachineGun_MachineGun_0-STOCK,Weapon,1,1
Weapon_MachineGun_MachineGun_1-Brigadier,Weapon,1,1
Weapon_MachineGun_MachineGun_1-VMI,Weapon,1,1
Weapon_MachineGun_MachineGun_2-Brigadier,Weapon,1,1
Weapon_MachineGun_MachineGun_2-VMI,Weapon,1,1
Weapon_MachineGun_TwinMachineGun_0-STOCK,Weapon,1,1
Weapon_MachineGun_TwinMachineGun_1-VMI,Weapon,1,1
Weapon_MachineGun_TwinMachineGun_2-Brigadier,Weapon,1,1
Weapon_Mortar_MechMortar,Weapon,1,1
Weapon_Mortar_Thumper,Weapon,1,1
Weapon_Narc_Standard_0-STOCK,Weapon,1,1
Weapon_Narc_Standard_1-Ceres_Arms,Weapon,1,1
Weapon_Narc_Standard_2-Kali_Yama,Weapon,1,1
Weapon_PPC_PPCER_0-STOCK,Weapon,1,1
Weapon_PPC_PPCER_1-MagnaFirestar,Weapon,1,1
Weapon_PPC_PPCER_2-TiegartMagnum,Weapon,1,1
Weapon_PPC_PPCSnub_0-STOCK,Weapon,1,1
Weapon_PPC_PPCSnub_1-Ceres_Arms,Weapon,1,1
Weapon_PPC_PPCSnub_1-Donal,Weapon,1,1
Weapon_PPC_PPCSnub_1-Magna,Weapon,1,1
Weapon_PPC_PPCSnub_2-Ceres_Arms,Weapon,1,1
Weapon_PPC_PPCSnub_2-Donal,Weapon,1,1
Weapon_PPC_PPCSnub_2-Magna,Weapon,1,1
Weapon_PPC_PPC_0-STOCK,Weapon,1,1
Weapon_PPC_PPC_1-Ceres_Arms,Weapon,1,1
Weapon_PPC_PPC_2-Ceres_Arms,Weapon,1,1
Weapon_SRM_SRM2_0-STOCK,Weapon,1,1
Weapon_SRM_SRM2_1-Coventry,Weapon,1,1
Weapon_SRM_SRM2_1-Harvester,Weapon,1,1
Weapon_SRM_SRM2_1-Holly,Weapon,1,1
Weapon_SRM_SRM2_1-Irian,Weapon,1,1
Weapon_SRM_SRM2_1-Lockheed,Weapon,1,1
Weapon_SRM_SRM2_1-Valiant,Weapon,1,1
Weapon_SRM_SRM2_2-Coventry,Weapon,1,1
Weapon_SRM_SRM2_2-Harvester,Weapon,1,1
Weapon_SRM_SRM2_2-Holly,Weapon,1,1
Weapon_SRM_SRM2_2-Irian,Weapon,1,1
Weapon_SRM_SRM2_2-Lockheed,Weapon,1,1
Weapon_SRM_SRM2_2-Valiant,Weapon,1,1
Weapon_SRM_SRM2_3-Coventry,Weapon,1,1
Weapon_SRM_SRM2_3-Harvester,Weapon,1,1
Weapon_SRM_SRM2_3-Holly,Weapon,1,1
Weapon_SRM_SRM2_3-Irian,Weapon,1,1
Weapon_SRM_SRM2_3-Lockheed,Weapon,1,1
Weapon_SRM_SRM2_3-Valiant,Weapon,1,1
Weapon_SRM_SRM4_0-STOCK,Weapon,1,1
Weapon_SRM_SRM4_1-Coventry,Weapon,1,1
Weapon_SRM_SRM4_1-Harvester,Weapon,1,1
Weapon_SRM_SRM4_1-Holly,Weapon,1,1
Weapon_SRM_SRM4_1-Irian,Weapon,1,1
Weapon_SRM_SRM4_1-Lockheed,Weapon,1,1
Weapon_SRM_SRM4_1-Valiant,Weapon,1,1
Weapon_SRM_SRM4_2-Coventry,Weapon,1,1
Weapon_SRM_SRM4_2-Harvester,Weapon,1,1
Weapon_SRM_SRM4_2-Holly,Weapon,1,1
Weapon_SRM_SRM4_2-Irian,Weapon,1,1
Weapon_SRM_SRM4_2-Lockheed,Weapon,1,1
Weapon_SRM_SRM4_2-Valiant,Weapon,1,1
Weapon_SRM_SRM4_3-Coventry,Weapon,1,1
Weapon_SRM_SRM4_3-Harvester,Weapon,1,1
Weapon_SRM_SRM4_3-Holly,Weapon,1,1
Weapon_SRM_SRM4_3-Irian,Weapon,1,1
Weapon_SRM_SRM4_3-Lockheed,Weapon,1,1
Weapon_SRM_SRM4_3-Valiant,Weapon,1,1
Weapon_SRM_SRM6_0-STOCK,Weapon,1,1
Weapon_SRM_SRM6_1-Coventry,Weapon,1,1
Weapon_SRM_SRM6_1-Harvester,Weapon,1,1
Weapon_SRM_SRM6_1-Holly,Weapon,1,1
Weapon_SRM_SRM6_1-Irian,Weapon,1,1
Weapon_SRM_SRM6_1-Lockheed,Weapon,1,1
Weapon_SRM_SRM6_1-Valiant,Weapon,1,1
Weapon_SRM_SRM6_2-Coventry,Weapon,1,1
Weapon_SRM_SRM6_2-Harvester,Weapon,1,1
Weapon_SRM_SRM6_2-Holly,Weapon,1,1
Weapon_SRM_SRM6_2-Irian,Weapon,1,1
Weapon_SRM_SRM6_2-Lockheed,Weapon,1,1
Weapon_SRM_SRM6_2-Valiant,Weapon,1,1
Weapon_SRM_SRM6_3-Coventry,Weapon,1,1
Weapon_SRM_SRM6_3-Harvester,Weapon,1,1
Weapon_SRM_SRM6_3-Holly,Weapon,1,1
Weapon_SRM_SRM6_3-Irian,Weapon,1,1
Weapon_SRM_SRM6_3-Lockheed,Weapon,1,1
Weapon_SRM_SRM6_3-Valiant,Weapon,1,1
Weapon_SRM_SSRM2_0-STOCK,Weapon,1,1
Weapon_SRM_SSRM2_1-Holly,Weapon,1,1
Weapon_SRM_SSRM2_1-Irian,Weapon,1,1
Weapon_SRM_SSRM2_2-Holly,Weapon,1,1
Weapon_SRM_SSRM2_2-Irian,Weapon,1,1
Weapon_SRM_SSRM2_2-Valiant,Weapon,1,1
Weapon_SRM_SSRM2_3-Valiant,Weapon,1,1
Weapon_SRM_SSRM4_0-STOCK,Weapon,1,1
Weapon_SRM_SSRM4_1-Holly,Weapon,1,1
Weapon_SRM_SSRM4_1-Irian,Weapon,1,1
Weapon_SRM_SSRM4_2-Holly,Weapon,1,1
Weapon_SRM_SSRM4_2-Irian,Weapon,1,1
Weapon_SRM_SSRM4_2-Valiant,Weapon,1,1
Weapon_SRM_SSRM4_3-Valiant,Weapon,1,1
Weapon_SRM_SSRM6_0-STOCK,Weapon,1,1
Weapon_SRM_SSRM6_1-Holly,Weapon,1,1
Weapon_SRM_SSRM6_1-Irian,Weapon,1,1
Weapon_SRM_SSRM6_2-Holly,Weapon,1,1
Weapon_SRM_SSRM6_2-Irian,Weapon,1,1
Weapon_SRM_SSRM6_2-Valiant,Weapon,1,1
Weapon_SRM_SSRM6_3-Valiant,Weapon,1,1
Weapon_TAG_Standard_0-STOCK,Weapon,1,1
Weapon_TAG_Standard_1-Mendham,Weapon,1,1
Weapon_TAG_Standard_2-Ceres_Arms,Weapon,1,1
emod_armorslots_ferrosfibrous,Upgrade,1,1
emod_case,Upgrade,1,1
emod_structureslots_endosteel,Upgrade,1,1
Gear_Actuator_Coventry_B20-Extended,Upgrade,1,1
Gear_Actuator_Coventry_B40-Extended,Upgrade,1,1
Gear_Actuator_Coventry_B60-Extended,Upgrade,1,1
Gear_Actuator_Coventry_S10,Upgrade,1,1
Gear_Actuator_Coventry_S15,Upgrade,1,1
Gear_Actuator_Coventry_X55-Standard,Upgrade,1,1
Gear_Actuator_Coventry_X65-Standard,Upgrade,1,1
Gear_Actuator_Coventry_X75-Standard,Upgrade,1,1
Gear_Actuator_Friedhof_Behemoth,Upgrade,1,1
Gear_Actuator_Friedhof_Gargantuan,Upgrade,1,1
Gear_Actuator_Friedhof_Heracles,Upgrade,1,1
Gear_Actuator_Friedhof_Perseus,Upgrade,1,1
Gear_Actuator_Friedhof_Theseus,Upgrade,1,1
Gear_Actuator_Pitban_Jackrabbit,Upgrade,1,1
Gear_Actuator_Pitban_Kangaroo,Upgrade,1,1
Gear_Actuator_Pitban_Wallaby,Upgrade,1,1
Gear_Actuator_Rawlings_Epsilon,Upgrade,1,1
Gear_Actuator_Rawlings_Omega,Upgrade,1,1
Gear_Actuator_Rawlings_Omicron,Upgrade,1,1
Gear_Cockpit_Ceres_Metals_Braced,Upgrade,1,1
Gear_Cockpit_Ceres_Metals_Hardened,Upgrade,1,1
Gear_Cockpit_Ceres_Metals_Reinforced,Upgrade,1,1
Gear_Cockpit_Garret_T-21,Upgrade,1,1
Gear_Cockpit_Garret_T-31,Upgrade,1,1
Gear_Cockpit_Generic_Small,Upgrade,1,1
Gear_Cockpit_Majesty_M_M_120KL,Upgrade,1,1
Gear_Cockpit_Majesty_M_M_180KL,Upgrade,1,1
Gear_Cockpit_Majesty_M_M_60KL,Upgrade,1,1
Gear_Cockpit_Majesty_M_M_90KL,Upgrade,1,1
Gear_Cockpit_Majesty_M_M_MagestrixAlpha,Upgrade,1,1
Gear_Cockpit_Matsubashi_Ronin-15,Upgrade,1,1
Gear_Cockpit_Matsubashi_Ronin-30,Upgrade,1,1
Gear_Cockpit_Matsubashi_Ronin-45,Upgrade,1,1
Gear_Cockpit_SLDF_Custom,Upgrade,1,1
Gear_Cockpit_StarCorps_Advanced,Upgrade,1,1
Gear_Cockpit_StarCorps_Dalban,Upgrade,1,1
Gear_Cockpit_StarCorps_Enhanced,Upgrade,1,1
Gear_Cockpit_StarCorps_Improved,Upgrade,1,1
Gear_Guardian_ECM,Upgrade,1,1
Gear_Gyro_Coventry_Mark-45,Upgrade,1,1
Gear_Gyro_Coventry_Mark-55,Upgrade,1,1
Gear_Gyro_Coventry_Mark-65,Upgrade,1,1
Gear_Gyro_Coventry_Mark-75,Upgrade,1,1
Gear_Gyro_Coventry_Mark-85,Upgrade,1,1
Gear_Gyro_Coventry_Mark-95,Upgrade,1,1
Gear_Gyro_Friedhof_Kite,Upgrade,1,1
Gear_Gyro_Friedhof_Osprey,Upgrade,1,1
Gear_Gyro_Friedhof_Sparrow,Upgrade,1,1
Gear_Gyro_Hermes_Equilibrium,Upgrade,1,1
Gear_Gyro_Rawlings_StabiliTrak-10,Upgrade,1,1
Gear_Gyro_Rawlings_StabiliTrak-15,Upgrade,1,1
Gear_Gyro_Rawlings_StabiliTrak-5,Upgrade,1,1
Gear_Sensor_Prototype_ECM,Upgrade,1,1
Gear_TargetingTrackingSystem_ArtemisIV,Upgrade,1,1
Gear_TargetingTrackingSystem_Hartford_F1200,Upgrade,1,1
Gear_TargetingTrackingSystem_Hartford_F1800,Upgrade,1,1
Gear_TargetingTrackingSystem_Hartford_F2400,Upgrade,1,1
Gear_TargetingTrackingSystem_Hartford_F3000,Upgrade,1,1
Gear_TargetingTrackingSystem_Hartford_S2000,Upgrade,1,1
Gear_TargetingTrackingSystem_IMBS_Aegis-10,Upgrade,1,1
Gear_TargetingTrackingSystem_IMBS_Aegis-20,Upgrade,1,1
Gear_TargetingTrackingSystem_IMBS_Aegis-30,Upgrade,1,1
Gear_TargetingTrackingSystem_IMBS_Aegis-5,Upgrade,1,1
Gear_TargetingTrackingSystem_Kallon_A-C-1000,Upgrade,1,1
Gear_TargetingTrackingSystem_Kallon_A-C-1500,Upgrade,1,1
Gear_TargetingTrackingSystem_Kallon_A-C-500,Upgrade,1,1
Gear_TargetingTrackingSystem_Kallon_A-C-P150+,Upgrade,1,1
Gear_TargetingTrackingSystem_Kallon_Lock-On,Upgrade,1,1
Gear_TargetingTrackingSystem_LMT_VTAS-15,Upgrade,1,1
Gear_TargetingTrackingSystem_LMT_VTAS-30,Upgrade,1,1
Gear_TargetingTrackingSystem_RCA_InstaTrac-III,Upgrade,1,1
Gear_TargetingTrackingSystem_RCA_InstaTrac-IX,Upgrade,1,1
Gear_TargetingTrackingSystem_RCA_InstaTrac-VIII,Upgrade,1,1
Gear_TargetingTrackingSystem_RCA_InstaTrac-X,Upgrade,1,1
Gear_TargetingTrackingSystem_RCA_InstaTrac-XII,Upgrade,1,1
emod_arm_part_hand,Upgrade,1,1
emod_arm_part_lower,Upgrade,1,1
emod_arm_part_shoulder,Upgrade,1,1
emod_arm_part_upper,Upgrade,1,1
Ammo_AmmunitionBox_AMS_double,AmmunitionBox,1,1
Ammo_AmmunitionBox_ArtemisIV_LRM,AmmunitionBox,1,1
Ammo_AmmunitionBox_ArtemisIV_LRM_half,AmmunitionBox,1,1
Ammo_AmmunitionBox_ArtemisIV_SRM,AmmunitionBox,1,1
Ammo_AmmunitionBox_ArtemisIV_SRM_half,AmmunitionBox,1,1
Ammo_AmmunitionBox_Firebee_SRM_Inferno,AmmunitionBox,1,1
Ammo_AmmunitionBox_Generic_AC10,AmmunitionBox,1,1
Ammo_AmmunitionBox_Generic_AC10_Containment,AmmunitionBox,1,1
Ammo_AmmunitionBox_Generic_AC10_double,AmmunitionBox,1,1
Ammo_AmmunitionBox_Generic_AC10_half,AmmunitionBox,1,1
Ammo_AmmunitionBox_Generic_AC10_Heavy,AmmunitionBox,1,1
Ammo_AmmunitionBox_Generic_AC10_Light,AmmunitionBox,1,1
Ammo_AmmunitionBox_Generic_AC10_Overpower,AmmunitionBox,1,1
Ammo_AmmunitionBox_Generic_AC10_Precision,AmmunitionBox,1,1
Ammo_AmmunitionBox_Generic_AC10_Tracer,AmmunitionBox,1,1
Ammo_AmmunitionBox_Generic_AC2,AmmunitionBox,1,1
Ammo_AmmunitionBox_Generic_AC2_Containment,AmmunitionBox,1,1
Ammo_AmmunitionBox_Generic_AC2_double,AmmunitionBox,1,1
Ammo_AmmunitionBox_Generic_AC2_half,AmmunitionBox,1,1
Ammo_AmmunitionBox_Generic_AC2_Heavy,AmmunitionBox,1,1
Ammo_AmmunitionBox_Generic_AC2_Light,AmmunitionBox,1,1
Ammo_AmmunitionBox_Generic_AC2_Overpower,AmmunitionBox,1,1
Ammo_AmmunitionBox_Generic_AC2_Precision,AmmunitionBox,1,1
Ammo_AmmunitionBox_Generic_AC2_Tracer,AmmunitionBox,1,1
Ammo_AmmunitionBox_Generic_AC20,AmmunitionBox,1,1
Ammo_AmmunitionBox_Generic_AC20_Containment,AmmunitionBox,1,1
Ammo_AmmunitionBox_Generic_AC20_double,AmmunitionBox,1,1
Ammo_AmmunitionBox_Generic_AC20_half,AmmunitionBox,1,1
Ammo_AmmunitionBox_Generic_AC20_Heavy,AmmunitionBox,1,1
Ammo_AmmunitionBox_Generic_AC20_Light,AmmunitionBox,1,1
Ammo_AmmunitionBox_Generic_AC20_Overpower,AmmunitionBox,1,1
Ammo_AmmunitionBox_Generic_AC20_Precision,AmmunitionBox,1,1
Ammo_AmmunitionBox_Generic_AC20_Tracer,AmmunitionBox,1,1
Ammo_AmmunitionBox_Generic_AC5,AmmunitionBox,1,1
Ammo_AmmunitionBox_Generic_AC5_Containment,AmmunitionBox,1,1
Ammo_AmmunitionBox_Generic_AC5_double,AmmunitionBox,1,1
Ammo_AmmunitionBox_Generic_AC5_half,AmmunitionBox,1,1
Ammo_AmmunitionBox_Generic_AC5_Heavy,AmmunitionBox,1,1
Ammo_AmmunitionBox_Generic_AC5_Light,AmmunitionBox,1,1
Ammo_AmmunitionBox_Generic_AC5_Overpower,AmmunitionBox,1,1
Ammo_AmmunitionBox_Generic_AC5_Precision,AmmunitionBox,1,1
Ammo_AmmunitionBox_Generic_AC5_Tracer,AmmunitionBox,1,1
Ammo_AmmunitionBox_Generic_AMS,AmmunitionBox,1,1
Ammo_AmmunitionBox_Generic_AMS_Half,AmmunitionBox,1,1
Ammo_AmmunitionBox_Generic_GAUSS,AmmunitionBox,1,1
Ammo_AmmunitionBox_Generic_GAUSS_double,AmmunitionBox,1,1
Ammo_AmmunitionBox_Generic_GAUSS_half,AmmunitionBox,1,1
Ammo_AmmunitionBox_Generic_GAUSS_Heavy,AmmunitionBox,1,1
Ammo_AmmunitionBox_Generic_GAUSS_Light,AmmunitionBox,1,1
Ammo_AmmunitionBox_Generic_GAUSS_Overpenetration,AmmunitionBox,1,1
Ammo_AmmunitionBox_Generic_LB10X,AmmunitionBox,1,1
Ammo_AmmunitionBox_Generic_LB20X,AmmunitionBox,1,1
Ammo_AmmunitionBox_Generic_LB2X,AmmunitionBox,1,1
Ammo_AmmunitionBox_Generic_LB5X,AmmunitionBox,1,1
Ammo_AmmunitionBox_Generic_LRM,AmmunitionBox,1,1
Ammo_AmmunitionBox_Generic_LRM_Containment,AmmunitionBox,1,1
Ammo_AmmunitionBox_Generic_LRM_double,AmmunitionBox,1,1
Ammo_AmmunitionBox_Generic_LRM_half,AmmunitionBox,1,1
Ammo_AmmunitionBox_Generic_LRM_Inferno,AmmunitionBox,1,1
Ammo_AmmunitionBox_Generic_MG,AmmunitionBox,1,1
Ammo_AmmunitionBox_Generic_MG_Containment,AmmunitionBox,1,1
Ammo_AmmunitionBox_Generic_MG_double,AmmunitionBox,1,1
Ammo_AmmunitionBox_Generic_MG_Half,AmmunitionBox,1,1
Ammo_AmmunitionBox_Generic_MG_Incendiary,AmmunitionBox,1,1
Ammo_AmmunitionBox_Generic_MG_Light,AmmunitionBox,1,1
Ammo_AmmunitionBox_Generic_MG_Overpressure,AmmunitionBox,1,1
Ammo_AmmunitionBox_Generic_Narc,AmmunitionBox,1,1
Ammo_AmmunitionBox_Generic_SRM,AmmunitionBox,1,1
Ammo_AmmunitionBox_Generic_SRM_Containment,AmmunitionBox,1,1
Ammo_AmmunitionBox_Generic_SRM_double,AmmunitionBox,1,1
Ammo_AmmunitionBox_Generic_SRM_half,AmmunitionBox,1,1
Ammo_AmmunitionBox_Generic_SRM_Inferno,AmmunitionBox,1,1
Ammo_AmmunitionBox_Generic_SRMInferno,AmmunitionBox,1,1
Ammo_AmmunitionBox_Generic_SRMInferno,AmmunitionBox,1,1
